Team,TeamID,Season,BT_AdjOE,BT_AdjDE,BT_Barthag,BT_AdjT,BT_EFG_O,BT_EFG_D,BT_OR_Pct,BT_DR_Pct,BT_FTR,BT_FTRD,BT_AdjNetEff
UC Santa Barbara,1364.0,2026,114.651,110.464,0.605359,64.0815,55.1,52.5,31.2,25.9,18.8,16.9,-8.22851
Arkansas Pine Bluff,1115.0,2026,104.634,115.407,0.244706,69.3866,49.8,52.2,27.8,34.3,18.9,16.4,-11.9285
Toledo,1405.0,2026,114.956,112.647,0.55807,68.0413,54.0,54.6,30.2,33.9,14.5,18.1,-8.49595
Indiana,1231.0,2026,122.912,102.592,0.888766,66.2764,56.2,48.8,26.9,29.3,15.0,15.2,0.147098
Louisiana,1418.0,2026,102.226,112.41,0.251222,63.2519,47.1,52.6,28.3,32.3,16.8,18.3,-16.8928
Central Michigan,1141.0,2026,106.913,113.916,0.325291,67.0014,51.8,54.0,29.2,34.3,18.1,17.0,-15.2731
Brown,1135.0,2026,98.4193,108.281,0.250092,66.6023,48.6,51.3,29.0,30.0,19.5,18.7,-14.3465
Wright St.,1460.0,2026,113.895,110.216,0.59329,66.9932,54.8,52.5,33.2,29.1,16.3,16.5,-6.55837
UC Irvine,1414.0,2026,103.988,98.5265,0.650315,68.3443,49.7,45.1,30.4,31.4,17.7,18.7,-5.14366
Montana,1285.0,2026,107.915,107.85,0.501719,69.3058,56.0,51.4,21.4,29.3,19.4,14.6,-9.23737
UAB,1412.0,2026,108.779,106.031,0.573049,69.2895,48.2,49.6,32.7,27.6,12.7,16.2,-5.1799
Tulane,1408.0,2026,107.728,110.7,0.422407,66.9244,49.9,51.1,22.3,35.4,15.7,17.1,-8.31511
FIU,1198.0,2026,108.202,108.968,0.479732,71.7673,50.6,52.6,33.6,35.1,17.6,20.1,-10.4403
BYU,1140.0,2026,125.307,106.018,0.872398,69.6695,54.6,51.1,34.2,28.9,14.9,15.7,4.00235
Illinois Chicago,1227.0,2026,110.287,104.384,0.653096,66.2315,49.7,49.9,36.5,32.1,17.6,19.6,-8.42383
Xavier,1462.0,2026,116.936,109.047,0.690668,70.2544,51.8,53.9,26.5,29.1,13.9,15.6,-5.08071
Charlotte,1150.0,2026,113.059,114.095,0.473822,63.413,53.6,51.1,33.5,32.7,18.2,13.8,-9.77773
Canisius,1145.0,2026,96.3207,114.502,0.12042,64.0286,46.3,52.2,29.3,29.8,19.6,16.0,-17.5021
Wake Forest,1448.0,2026,117.997,105.882,0.776579,68.4938,52.4,52.3,30.1,32.0,15.4,18.2,-2.87303
Florida Atlantic,1194.0,2026,110.662,106.427,0.610353,69.7904,52.2,50.1,31.8,28.5,17.3,15.8,-7.52423
Northeastern,1318.0,2026,107.824,119.116,0.241347,69.6957,52.4,56.4,27.3,30.2,16.4,16.8,-18.9867
Robert Morris,1352.0,2026,110.406,109.586,0.521408,64.5287,54.9,50.0,37.5,28.8,18.6,15.9,-6.57806
Seattle,1370.0,2026,103.02,97.0023,0.666458,67.7,49.4,48.3,24.6,31.8,17.0,21.1,-5.2554
Villanova,1437.0,2026,120.367,100.763,0.885388,64.8706,54.1,51.1,32.8,31.2,15.3,18.6,4.5251
Howard,1224.0,2026,104.593,106.963,0.435942,69.1243,51.0,47.6,36.2,31.9,19.9,21.0,-6.81678
Utah St.,1429.0,2026,124.311,104.338,0.882286,67.5132,57.0,49.9,33.8,32.6,15.5,20.3,3.02325
Marist,1265.0,2026,100.205,102.639,0.431459,66.2219,49.3,45.6,29.1,28.3,16.9,19.5,-9.09084
Portland St.,1340.0,2026,103.972,102.814,0.532157,67.6894,51.3,48.4,29.9,26.8,17.2,17.7,-5.34351
Denver,1176.0,2026,115.455,121.87,0.349359,68.0213,53.6,56.0,29.8,32.8,14.3,13.0,-10.763
Cal St. Northridge,1169.0,2026,108.525,108.323,0.505364,73.6799,51.0,51.6,32.3,26.0,17.8,16.2,-7.59764
Maryland,1268.0,2026,111.638,107.576,0.604962,66.2284,48.1,54.7,33.5,29.4,18.5,14.9,-5.38473
Rice,1349.0,2026,109.527,113.142,0.407708,65.5856,48.5,51.0,35.3,34.6,17.9,15.7,-12.1261
Abilene Christian,1101.0,2026,99.8143,107.358,0.301988,67.1301,47.1,56.7,31.3,29.2,20.9,23.7,-11.7744
Rider,1351.0,2026,97.2075,121.035,0.0743887,65.6664,42.8,55.2,32.6,32.8,16.9,15.3,-19.6043
Boston College,1130.0,2026,104.292,102.169,0.558864,65.8715,47.0,48.9,28.3,28.6,15.4,14.9,-9.94814
Arizona,1112.0,2026,125.746,91.6174,0.974455,70.3296,55.0,44.6,38.4,26.2,15.2,16.9,11.5798
Penn St.,1336.0,2026,114.296,112.404,0.54784,67.515,52.9,58.5,26.0,31.0,15.3,17.8,-6.575
Hawaii,1218.0,2026,107.568,103.196,0.617062,69.7166,52.5,46.8,30.5,25.1,18.8,16.9,-3.97782
San Diego,1360.0,2026,108.995,112.753,0.403765,68.096,51.2,54.7,28.1,34.5,17.5,18.9,-13.3607
UC Davis,1413.0,2026,108.52,108.105,0.511002,68.3553,52.1,52.4,26.1,30.5,18.0,19.8,-7.63408
LSU,1261.0,2026,118.652,107.1,0.764589,66.4419,52.8,50.8,33.1,31.7,15.7,14.1,-3.91996
Fresno St.,1201.0,2026,107.374,104.415,0.579654,68.3306,50.6,51.6,28.1,30.5,18.1,18.4,-9.49134
UMKC,1282.0,2026,93.9561,118.176,0.0667618,69.721,45.7,56.3,26.4,35.9,18.2,16.4,-21.4319
Baylor,1124.0,2026,123.64,106.885,0.842189,67.7597,54.0,52.2,37.4,32.3,16.4,15.9,-1.6737
Oral Roberts,1331.0,2026,102.776,114.666,0.221157,67.6765,49.7,53.6,28.4,31.8,18.5,14.7,-17.5156
Ohio,1325.0,2026,108.787,113.324,0.38463,68.8704,51.0,53.0,28.4,33.0,15.4,16.4,-10.5765
Winthrop,1457.0,2026,110.871,111.333,0.488057,69.9129,49.7,51.4,34.1,27.7,14.7,16.7,-5.47989
Northern Illinois,1296.0,2026,96.2508,114.055,0.124358,67.4159,47.6,55.6,30.3,30.0,21.8,16.3,-15.3061
Georgia Tech,1210.0,2026,107.694,107.332,0.509704,70.8574,50.0,49.9,29.9,30.7,18.6,15.6,-9.63626
Kent St.,1245.0,2026,111.273,110.921,0.50909,70.7788,52.5,52.2,35.8,29.7,18.6,16.5,-3.2231
High Point,1219.0,2026,116.407,108.032,0.702364,69.8912,54.7,50.1,32.1,31.7,13.0,21.9,-1.28431
Weber St.,1451.0,2026,111.507,114.204,0.431706,68.5539,51.6,54.3,32.0,27.5,15.8,16.2,-9.73737
Maine,1263.0,2026,92.9053,112.116,0.103265,64.7342,49.6,50.6,19.7,34.3,19.1,19.4,-20.4369
Radford,1347.0,2026,107.141,113.68,0.335973,70.66,51.3,53.0,29.8,32.2,17.1,18.5,-11.7041
Kansas,1242.0,2026,119.536,95.0702,0.932988,67.5254,52.5,45.1,29.4,30.2,15.6,13.8,5.91219
SMU,1374.0,2026,124.095,106.685,0.850485,68.9905,55.9,51.6,35.0,31.6,15.8,17.2,-0.0417051
Richmond,1350.0,2026,110.903,110.681,0.505769,67.6281,52.9,51.7,25.1,31.1,14.5,17.6,-9.90077
Providence,1344.0,2026,121.788,110.066,0.762024,71.2666,54.9,51.6,32.6,30.7,16.9,13.2,-5.1933
Louisville,1257.0,2026,125.948,99.2891,0.939067,70.0851,56.8,48.6,33.1,26.6,16.3,16.7,3.98004
Davidson,1172.0,2026,111.583,104.028,0.6913,63.7569,53.0,50.6,28.8,30.2,16.1,17.7,-5.03912
North Florida,1316.0,2026,107.657,124.448,0.158854,70.423,52.9,56.3,25.2,37.6,17.9,12.7,-18.8945
Missouri St.,1283.0,2026,109.107,111.629,0.434666,65.5941,50.3,52.2,32.2,31.4,16.9,17.1,-12.271
Vanderbilt,1435.0,2026,125.783,99.6244,0.935909,69.5137,55.6,48.5,31.3,30.3,13.6,18.0,5.94147
Washington St.,1450.0,2026,114.952,111.126,0.596093,67.8572,54.7,52.6,29.5,28.2,18.4,14.6,-11.209
Akron,1103.0,2026,119.03,106.474,0.782777,70.6254,59.1,50.8,33.9,29.9,15.7,18.6,-0.541246
Bowling Green,1132.0,2026,106.576,105.569,0.527266,68.2129,51.6,50.8,28.8,26.7,16.5,18.5,-8.71052
Memphis,1272.0,2026,108.32,104.742,0.595391,69.8831,49.0,48.8,35.1,35.7,19.0,18.7,-8.84425
Central Arkansas,1146.0,2026,110.272,108.752,0.539837,67.8845,54.0,54.9,28.8,27.4,15.4,19.0,-6.51015
Murray St.,1293.0,2026,115.709,112.699,0.575222,71.7633,53.8,52.3,33.0,31.3,16.2,16.0,-5.28831
American,1110.0,2026,105.815,112.536,0.33001,66.6948,51.5,54.4,26.9,29.4,15.6,19.2,-11.5574
Notre Dame,1323.0,2026,115.483,108.158,0.679959,65.9929,52.3,51.8,31.2,26.7,17.0,14.0,-5.60766
Creighton,1166.0,2026,115.922,106.37,0.72888,67.1998,53.5,51.3,27.7,29.9,16.6,14.2,-3.46032
Duke,1181.0,2026,128.542,90.5904,0.982431,65.8842,57.4,45.8,37.2,24.9,15.5,18.5,12.0119
Indiana St.,1232.0,2026,106.608,109.439,0.42521,68.1791,52.8,50.2,26.2,31.8,19.5,14.9,-14.5658
UCLA,1417.0,2026,124.493,102.749,0.90092,64.5038,54.0,50.4,31.3,32.1,13.5,18.1,2.87259
Pacific,1334.0,2026,111.085,104.803,0.66139,64.3642,52.2,50.0,35.3,25.0,20.1,15.1,-6.74375
Texas A&M,1401.0,2026,121.128,101.568,0.883442,71.1225,54.5,50.7,32.4,32.0,14.6,18.5,1.90417
North Texas,1317.0,2026,103.666,102.572,0.530473,64.7903,46.4,48.7,34.1,33.3,17.2,21.5,-6.8051
Nevada,1305.0,2026,115.216,105.15,0.741013,65.5554,49.8,51.7,32.4,27.6,14.6,17.3,-1.89239
UTSA,1427.0,2026,100.862,118.812,0.131982,68.5893,44.8,53.3,30.2,38.7,17.5,14.7,-18.5989
Mississippi Valley St.,,2026,91.4561,121.331,0.0373042,67.1006,45.2,55.5,26.4,35.5,21.9,17.1,-24.8167
Gardner Webb,1205.0,2026,96.0626,122.615,0.056972,69.5775,47.8,56.9,23.2,36.6,19.8,15.3,-23.0253
Prairie View A&M,1341.0,2026,101.599,114.147,0.207636,71.8767,47.6,51.6,26.9,35.3,16.3,19.4,-12.7291
Chattanooga,1151.0,2026,105.844,118.645,0.211992,67.0345,54.2,51.7,21.8,31.7,14.4,13.2,-15.2375
Georgia Southern,1204.0,2026,110.546,116.43,0.35516,70.0889,51.4,52.3,28.8,35.2,14.6,18.7,-11.8818
Northern Arizona,1319.0,2026,106.324,120.014,0.198955,63.7819,51.7,56.9,23.3,33.4,16.0,16.6,-16.5845
Nebraska,1304.0,2026,118.284,93.9281,0.934098,66.8912,55.7,47.6,26.2,27.3,14.3,19.3,7.55614
Yale,1463.0,2026,118.553,109.718,0.70902,65.039,56.1,51.8,32.8,28.3,14.2,16.6,-0.575477
Tennessee Martin,1404.0,2026,98.6309,106.016,0.303573,64.2404,48.7,46.1,37.0,32.0,21.4,20.0,-7.91718
Morehead St.,1287.0,2026,107.221,118.276,0.244443,65.3147,49.2,50.2,35.8,35.8,18.0,15.4,-8.93462
Tennessee,1397.0,2026,122.096,96.257,0.939035,65.4521,52.1,48.0,45.3,27.3,17.5,16.4,3.83842
Texas St.,1402.0,2026,105.01,110.191,0.364962,66.1314,50.0,52.0,33.9,28.4,18.6,18.5,-9.64568
Jackson St.,1238.0,2026,102.051,119.841,0.136108,69.5522,45.9,53.5,29.0,37.3,19.2,16.1,-13.038
Mississippi,1279.0,2026,114.011,104.494,0.731535,65.8543,50.2,51.1,28.9,32.9,14.2,16.9,-5.93878
Wyoming,1461.0,2026,115.615,107.786,0.69133,66.2357,52.5,52.2,34.3,27.3,16.7,16.7,-4.50823
Minnesota,1278.0,2026,116.553,102.46,0.814868,62.5227,54.0,51.8,27.3,29.8,16.4,17.2,-3.15887
Illinois,1228.0,2026,132.394,98.7588,0.966775,65.6559,55.0,47.5,39.1,26.9,13.4,11.7,6.87928
LIU,1254.0,2026,103.99,109.775,0.349201,67.8164,53.1,49.7,34.7,33.0,19.3,19.1,-5.67273
UTEP,1431.0,2026,101.714,110.318,0.28215,65.2033,48.3,51.5,26.2,32.8,17.4,18.0,-14.7128
Loyola Chicago,1260.0,2026,103.601,113.519,0.258953,65.9671,49.6,52.4,30.5,30.2,19.7,13.1,-15.2991
Texas,1400.0,2026,125.539,107.17,0.860489,66.9196,54.6,51.3,36.1,27.1,15.2,13.7,0.365604
Maryland Eastern Shore,1271.0,2026,93.4313,116.152,0.0756286,63.2652,47.8,50.5,32.0,33.6,23.8,17.9,-16.5485
Western Illinois,1442.0,2026,93.4641,123.624,0.0385628,66.4711,44.5,54.2,27.0,34.8,17.5,14.9,-22.9323
Fairleigh Dickinson,1192.0,2026,101.315,119.241,0.133135,64.0533,47.1,55.2,32.0,27.3,18.1,16.1,-16.6091
Cornell,1165.0,2026,120.262,118.904,0.532595,71.7323,58.8,55.6,29.4,29.9,16.2,15.2,-7.452
West Virginia,1452.0,2026,109.959,97.7365,0.794957,62.5006,51.3,48.2,30.9,28.5,17.0,18.0,-1.46533
Oklahoma,1328.0,2026,124.393,107.169,0.847351,66.3746,55.1,51.5,33.5,32.8,14.7,15.4,-0.879665
Queens,,2026,115.122,117.539,0.440524,69.4786,56.6,54.0,30.4,33.0,14.8,15.0,-6.87692
Southern Illinois,1356.0,2026,102.972,99.8414,0.587837,68.9982,49.2,49.0,30.9,27.3,17.0,18.5,-9.36217
San Diego St.,1361.0,2026,113.689,97.4304,0.855056,68.7747,53.2,48.6,29.1,31.0,17.0,20.6,-0.314837
Nebraska Omaha,1303.0,2026,106.567,113.046,0.336529,67.1191,52.2,52.7,25.5,28.7,16.1,14.1,-12.1563
East Texas A&M,1477.0,2026,101.037,111.89,0.236248,68.3173,49.2,52.9,25.7,32.8,19.2,17.0,-14.8446
DePaul,1177.0,2026,107.677,100.923,0.678088,66.5188,50.1,49.5,30.4,30.9,17.9,18.7,-4.52997
UT Rio Grande Valley,,2026,112.179,107.519,0.619605,66.5079,54.9,48.1,28.4,32.0,18.0,16.4,-7.36273
Chicago St.,1152.0,2026,100.528,119.177,0.123793,65.6277,45.3,56.7,28.3,35.0,15.6,20.1,-19.0802
South Dakota,1377.0,2026,104.97,114.501,0.269055,69.9484,49.9,54.5,28.7,30.3,16.6,15.9,-11.4605
Montana St.,1286.0,2026,111.407,107.939,0.589938,65.9141,53.6,51.7,27.0,28.2,14.7,15.7,-8.06347
Oklahoma St.,1329.0,2026,117.148,107.041,0.738386,72.2557,52.2,52.7,30.7,30.3,16.3,16.3,-0.720716
Wagner,1447.0,2026,102.759,115.797,0.202022,65.4446,49.6,50.4,32.8,29.6,18.5,14.9,-13.4706
Bethune Cookman,1126.0,2026,104.66,108.713,0.392461,69.1446,51.1,49.5,30.0,31.7,19.2,15.7,-7.44679
Wofford,1459.0,2026,108.979,117.473,0.296708,67.8262,52.5,53.8,29.8,29.0,13.4,14.9,-9.35658
Cal Poly,1142.0,2026,110.087,114.612,0.386212,74.1765,51.8,53.9,30.1,29.9,20.0,16.2,-11.5837
Towson,1406.0,2026,104.643,105.22,0.484201,63.406,46.5,48.5,36.0,29.1,15.9,15.2,-8.77301
Delaware St.,1175.0,2026,89.1753,115.479,0.0486813,65.915,42.6,54.1,27.1,31.7,19.8,20.1,-18.6717
Norfolk St.,1313.0,2026,101.86,117.891,0.156993,67.844,49.3,51.6,32.1,32.0,18.5,18.8,-12.3309
Vermont,1436.0,2026,106.117,113.587,0.313819,64.8062,53.5,50.7,26.3,22.6,14.3,14.7,-8.51673
Liberty,1251.0,2026,118.505,113.18,0.629197,63.8002,60.2,52.7,18.6,32.8,13.8,17.3,-1.20063
UNC Wilmington,1423.0,2026,111.222,107.29,0.602028,64.8814,50.9,47.2,35.4,26.7,15.0,15.0,-2.63546
Le Moyne,1478.0,2026,101.464,113.767,0.211457,69.475,52.7,49.3,25.2,29.1,19.1,15.0,-13.6742
Presbyterian,1342.0,2026,103.311,113.129,0.260373,64.1875,51.0,51.2,33.1,30.6,19.3,15.7,-13.6041
Michigan,1276.0,2026,129.347,91.8307,0.980911,71.6995,58.7,44.2,36.0,28.1,16.9,15.8,12.8303
Bellarmine,1468.0,2026,115.535,128.37,0.229434,64.6059,59.4,59.4,22.4,34.2,15.5,15.0,-14.2926
East Carolina,1187.0,2026,104.074,111.794,0.305138,68.6397,46.4,52.3,33.4,32.5,17.1,16.2,-13.7175
Northwestern,1321.0,2026,116.512,104.445,0.778567,65.4008,51.3,50.6,28.0,34.7,13.1,17.4,-4.23809
Eastern Illinois,1183.0,2026,97.2533,112.903,0.152398,65.6119,45.7,50.8,28.2,35.2,18.6,19.3,-15.1465
Buffalo,1138.0,2026,112.361,116.868,0.388828,66.4191,55.3,55.2,27.4,31.3,16.0,18.0,-9.64276
Northern Kentucky,1297.0,2026,109.547,110.595,0.472662,69.9838,53.2,54.2,32.2,31.6,16.3,18.6,-9.47483
Valparaiso,1434.0,2026,108.159,107.675,0.512897,65.1089,47.6,50.5,32.5,30.1,15.7,16.9,-8.17881
Mercyhurst,1479.0,2026,101.727,111.327,0.261733,64.5409,49.4,49.8,26.7,30.2,14.4,19.0,-12.2709
Elon,1189.0,2026,108.783,116.896,0.304238,66.8185,52.2,54.0,32.2,33.5,15.9,16.4,-13.0581
Appalachian St.,1111.0,2026,105.992,107.455,0.460654,62.9466,49.9,47.5,32.0,29.0,15.3,14.0,-9.03401
West Georgia,1480.0,2026,102.736,113.826,0.235274,69.0737,49.6,53.4,31.5,29.0,15.9,14.7,-12.351
Cleveland St.,1156.0,2026,110.251,123.932,0.206651,69.553,54.2,57.2,27.0,36.6,17.8,15.1,-16.7809
Mississippi St.,1280.0,2026,113.832,106.587,0.680539,69.4361,51.7,51.0,30.0,30.8,16.1,12.9,-5.24161
Utah Tech,1469.0,2026,111.18,112.846,0.457339,66.1672,53.0,50.7,28.4,34.5,17.4,16.9,-7.36454
St. John's,1385.0,2026,119.255,95.9102,0.924514,69.7879,51.0,47.7,35.9,30.1,14.7,19.4,5.71649
Long Beach St.,1253.0,2026,104.613,111.297,0.329106,68.4064,50.6,53.7,26.2,27.8,18.0,17.5,-15.6604
Samford,1359.0,2026,108.423,114.469,0.34886,67.3002,53.1,51.9,25.3,25.7,13.4,13.0,-9.66432
Eastern Washington,1186.0,2026,113.947,112.639,0.533137,67.7568,54.0,54.9,31.5,31.5,17.9,16.5,-11.3707
Kansas St.,1243.0,2026,112.526,105.801,0.670107,72.5916,53.1,52.1,29.3,33.7,17.5,17.2,-6.14286
Pepperdine,1337.0,2026,105.979,113.825,0.305494,68.3439,47.6,54.2,29.1,34.0,18.3,16.5,-14.9967
Charleston,1158.0,2026,107.422,109.184,0.453366,67.7124,50.5,49.2,29.9,32.3,15.7,14.7,-6.072
UC San Diego,1471.0,2026,107.297,102.974,0.616072,67.32,52.9,48.4,26.3,27.2,16.3,16.9,-5.04818
Grambling St.,1212.0,2026,97.1617,107.851,0.231422,67.4574,48.9,50.2,30.4,32.2,21.2,20.8,-13.8558
Texas Southern,1411.0,2026,102.928,115.041,0.217638,68.5019,50.0,52.4,28.6,31.3,18.6,16.4,-11.9481
Central Connecticut,1148.0,2026,105.355,118.007,0.213461,64.8455,51.6,50.2,27.5,30.4,16.2,14.0,-9.35418
VMI,1440.0,2026,99.3442,124.819,0.0675398,66.8157,47.6,57.0,25.6,37.2,15.3,15.7,-22.1821
Auburn,1120.0,2026,125.426,107.526,0.854558,67.3273,52.7,54.1,38.0,32.5,14.7,16.5,0.0351727
New Orleans,1309.0,2026,109.298,111.749,0.436577,69.7229,49.6,49.0,35.6,34.5,20.5,14.9,-10.4603
Idaho St.,1226.0,2026,109.302,117.46,0.304113,65.2122,51.8,54.5,32.8,27.9,17.0,14.7,-13.9827
Columbia,1162.0,2026,108.655,111.371,0.429507,66.7289,53.5,51.2,36.1,27.2,19.3,15.0,-7.5876
IU Indy,1237.0,2026,106.821,117.945,0.242457,73.6708,52.2,58.2,28.7,35.6,15.9,19.2,-19.9285
Western Carolina,1441.0,2026,110.152,114.598,0.388158,67.8852,50.4,54.9,35.4,26.3,16.8,14.5,-10.5505
Eastern Kentucky,1184.0,2026,109.324,121.449,0.229797,67.2077,52.1,56.1,32.5,31.7,16.9,14.8,-16.424
Penn,1335.0,2026,107.496,106.557,0.525182,69.2483,50.4,52.0,30.9,30.1,15.5,17.7,-6.20732
South Carolina St.,1354.0,2026,95.8916,118.298,0.0820463,68.4944,46.6,54.3,31.1,37.4,20.5,18.5,-16.4433
Idaho,1225.0,2026,109.394,107.769,0.542911,67.2639,52.0,50.8,29.1,24.7,15.3,15.1,-9.02273
Stony Brook,1392.0,2026,106.037,110.726,0.378083,66.1383,50.2,50.7,28.0,32.4,16.8,17.1,-10.4999
Evansville,1191.0,2026,102.755,114.665,0.220771,66.9341,49.3,55.1,22.0,30.2,19.1,15.4,-17.5369
Saint Peter's,1389.0,2026,103.865,110.058,0.339391,65.4394,46.4,48.1,37.0,34.7,17.7,20.0,-8.32198
Virginia,1438.0,2026,121.616,96.5971,0.933928,65.68,54.4,45.4,38.3,28.7,15.9,15.8,6.80511
UCF,1416.0,2026,122.075,107.405,0.813415,69.2755,54.0,52.6,34.6,28.4,15.8,15.6,1.67114
Drexel,1180.0,2026,103.288,105.358,0.443199,64.1757,50.7,47.1,31.2,31.0,19.0,16.4,-11.6031
Charleston Southern,1149.0,2026,105.476,112.648,0.319391,71.5724,54.1,46.9,29.4,30.3,18.5,12.8,-13.17
Northern Iowa,1320.0,2026,110.18,99.2412,0.768963,62.1342,54.2,47.2,22.0,26.3,14.5,18.1,-5.0879
South Carolina,1376.0,2026,111.734,104.906,0.673731,66.3541,50.3,51.0,26.6,32.3,14.4,14.7,-5.72815
Lamar,1249.0,2026,103.501,110.532,0.319545,65.338,47.8,50.9,35.7,29.4,18.1,17.3,-14.0088
Kentucky,1246.0,2026,120.743,101.312,0.882647,68.1082,53.4,48.7,34.7,29.4,15.3,15.5,2.53241
Lafayette,1248.0,2026,101.088,115.718,0.174446,66.778,49.3,53.6,25.8,28.6,15.3,15.1,-16.9273
VCU,1433.0,2026,119.456,104.753,0.819117,69.1218,54.3,48.9,33.1,30.0,15.5,17.1,1.05123
Wisconsin,1458.0,2026,127.114,102.794,0.91998,68.9761,54.7,51.3,29.7,27.3,12.9,14.5,4.1737
Alabama,1104.0,2026,130.29,103.309,0.935138,72.9102,55.6,49.1,32.3,33.0,13.2,12.7,6.9343
Tennessee Tech,1399.0,2026,102.304,117.712,0.166123,67.0515,48.9,51.5,31.3,30.7,19.1,15.1,-14.5088
NJIT,1312.0,2026,98.789,112.909,0.177068,68.1185,46.9,50.1,26.1,32.3,17.0,16.2,-11.407
North Alabama,1466.0,2026,100.477,118.608,0.129228,64.8153,48.0,55.2,31.2,32.2,17.5,14.5,-16.9789
Alabama A&M,1105.0,2026,105.711,117.367,0.230969,65.3641,49.4,52.4,27.4,29.6,16.5,16.7,-10.7012
Cal Baptist,1465.0,2026,108.116,101.244,0.680303,65.8504,48.4,46.1,38.1,27.4,18.1,16.9,-2.63388
Dartmouth,1171.0,2026,105.477,113.811,0.294307,69.4473,51.8,52.7,23.7,29.7,17.6,13.8,-11.39
La Salle,1247.0,2026,106.317,109.04,0.427795,65.4853,45.4,54.5,33.5,31.6,18.3,17.1,-13.7441
Tulsa,1409.0,2026,122.609,108.581,0.801758,67.8518,57.4,50.1,32.4,28.7,15.1,15.6,-0.470002
Incarnate Word,1230.0,2026,108.862,118.387,0.27595,65.4194,50.2,54.5,32.1,32.0,17.2,15.7,-13.6163
St. Thomas,1472.0,2026,114.501,108.536,0.649133,68.3791,59.4,50.9,22.3,27.1,13.8,17.1,-4.87386
Grand Canyon,1213.0,2026,110.908,97.387,0.816842,67.9111,51.6,47.3,31.6,25.3,17.7,17.4,-2.38325
Michigan St.,1277.0,2026,122.714,95.816,0.94508,65.8229,53.6,48.0,38.3,22.6,17.1,14.9,7.82805
Cal St. Fullerton,1168.0,2026,108.893,111.47,0.433164,72.6807,52.0,55.1,24.6,28.4,15.1,19.4,-8.63886
Southeastern Louisiana,1368.0,2026,99.755,110.497,0.235759,65.4035,46.7,52.4,28.6,31.4,18.4,19.1,-16.4692
UC Riverside,1415.0,2026,103.915,111.309,0.312059,68.483,48.9,52.7,27.8,30.0,19.0,15.5,-15.2176
Clemson,1155.0,2026,116.123,97.437,0.882635,64.3285,53.1,48.3,28.5,25.5,14.7,17.5,2.35357
Colorado,1160.0,2026,118.282,107.162,0.756838,68.638,53.1,53.0,29.1,29.5,14.6,15.6,-1.9482
Coastal Carolina,1157.0,2026,102.591,108.066,0.354832,67.0611,47.9,46.8,26.9,27.6,15.2,12.3,-8.7684
North Carolina A&T,1299.0,2026,105.168,117.638,0.216087,68.4846,50.7,52.9,31.7,28.6,18.6,14.1,-15.0116
Washington,1449.0,2026,117.097,102.628,0.820058,67.0973,51.4,49.9,34.3,28.6,15.5,14.4,-3.05504
Colorado St.,1161.0,2026,119.433,110.144,0.717309,62.8746,58.9,53.2,30.1,28.9,18.5,15.0,-2.60151
UMBC,1420.0,2026,107.613,109.703,0.444943,66.0029,53.7,49.5,24.7,25.0,14.3,15.2,-5.1379
Louisiana Monroe,1419.0,2026,101.505,122.624,0.102139,70.2509,47.8,57.1,25.1,35.4,16.9,15.7,-23.0748
The Citadel,1154.0,2026,100.675,120.998,0.107689,64.1599,49.5,57.5,27.9,31.5,16.3,14.7,-18.3259
Hofstra,1220.0,2026,113.828,105.359,0.708692,64.69,51.7,45.8,34.7,30.8,16.1,15.1,-4.59005
UMass Lowell,1262.0,2026,103.172,116.7,0.195157,69.3082,50.1,53.2,32.4,29.2,18.0,14.4,-12.7449
South Alabama,1375.0,2026,107.548,109.659,0.444337,64.617,52.7,50.0,25.2,31.3,13.2,18.2,-7.38603
Butler,1139.0,2026,117.637,106.217,0.763937,68.8779,50.9,51.5,34.9,30.2,16.1,15.2,-3.56126
SIU Edwardsville,1188.0,2026,99.5968,106.719,0.311252,64.4102,49.5,45.6,30.1,31.6,17.9,17.0,-10.5405
Northern Colorado,1294.0,2026,112.698,110.401,0.558923,68.4921,55.7,50.1,27.2,24.2,15.4,12.4,-6.94491
Iowa,1234.0,2026,122.468,100.657,0.905122,63.0325,56.3,52.5,30.3,27.8,15.1,21.0,1.90083
Florida A&M,1197.0,2026,100.089,110.586,0.241047,67.9118,49.3,51.6,30.6,30.4,21.4,18.9,-10.8215
TCU,1395.0,2026,114.263,99.6027,0.829081,67.4728,50.9,51.3,34.1,28.8,15.6,20.1,2.2673
Middle Tennessee,1292.0,2026,110.215,108.744,0.538541,65.3344,51.6,50.8,30.6,28.3,16.9,15.0,-7.87479
Oregon,1332.0,2026,112.784,103.807,0.721898,65.9905,49.7,51.0,32.7,32.1,17.8,15.7,-5.56889
Harvard,1217.0,2026,107.126,106.455,0.518065,63.1842,53.5,50.7,26.7,28.7,17.2,17.3,-6.56182
Florida,1196.0,2026,127.146,92.3879,0.975214,70.6238,54.0,46.0,42.7,24.8,16.1,15.4,8.13375
Saint Joseph's,1386.0,2026,108.886,101.467,0.692435,68.184,49.4,47.4,31.2,30.9,16.9,15.2,-3.59226
Saint Mary's,1388.0,2026,119.861,98.0463,0.909721,65.4367,53.0,46.3,37.6,23.7,16.4,15.4,4.51696
Texas A&M Corpus Chris,,2026,104.772,106.233,0.460266,66.0395,49.2,50.1,31.9,29.2,19.1,19.3,-8.22825
Ohio St.,1326.0,2026,125.376,102.677,0.908621,66.3764,56.8,50.1,31.1,30.2,15.5,15.8,2.33153
Florida St.,1199.0,2026,117.599,104.065,0.803132,70.6892,51.6,52.0,31.3,33.1,15.4,18.9,-1.94702
Seton Hall,1371.0,2026,108.857,96.8837,0.792495,65.095,47.8,47.3,35.9,32.1,16.9,21.8,-0.306481
North Carolina,1314.0,2026,122.076,100.459,0.9039,67.7806,54.5,47.9,31.5,28.6,14.0,13.7,5.38993
Houston Christian,1223.0,2026,102.141,114.496,0.211957,64.0622,49.7,54.2,29.9,32.5,18.9,17.6,-14.8592
Lehigh,1250.0,2026,103.014,113.706,0.243132,66.96,53.3,50.9,22.2,31.7,17.7,16.3,-11.9409
Navy,1298.0,2026,107.086,105.742,0.536238,65.1291,53.2,48.0,31.6,26.9,16.8,18.3,-4.10245
Saint Francis,,2026,101.328,122.817,0.0987,69.9635,48.9,58.9,27.5,33.1,18.4,18.4,-19.3197
Santa Clara,1365.0,2026,124.498,103.731,0.890768,69.8218,54.9,51.5,36.7,32.0,15.9,20.4,1.87597
Loyola Marymount,1258.0,2026,107.019,106.134,0.523843,67.1438,51.8,48.9,26.7,32.0,17.5,16.6,-9.99949
Delaware,1174.0,2026,106.08,115.543,0.272372,63.069,53.3,51.5,20.8,31.1,18.2,14.0,-15.9999
Miami OH,1275.0,2026,117.13,107.367,0.731222,70.0662,59.2,50.7,25.2,27.4,14.5,17.5,3.43955
New Mexico,1307.0,2026,116.745,102.263,0.821002,70.0241,53.7,49.6,29.5,27.5,15.2,19.1,0.031514
Coppin St.,1164.0,2026,92.4746,120.135,0.0470043,68.4971,45.9,55.4,30.4,34.8,22.3,17.5,-19.1135
Temple,1396.0,2026,112.836,111.039,0.546038,64.9734,50.5,50.5,29.9,30.2,13.7,15.2,-9.30044
Monmouth,1284.0,2026,106.683,107.062,0.489822,66.8581,49.6,50.2,31.5,32.5,16.7,20.0,-9.07251
Southern,1380.0,2026,106.314,113.04,0.330588,70.2726,48.9,53.2,31.0,31.6,16.5,18.7,-10.0493
Southern Miss,1379.0,2026,104.951,109.367,0.383687,69.0933,49.0,51.4,32.5,28.8,18.4,17.8,-10.8852
California,1143.0,2026,113.566,101.684,0.780895,67.882,51.9,49.0,25.2,30.5,14.9,16.3,-0.0570477
Georgia St.,1209.0,2026,100.047,112.413,0.207478,67.9112,44.2,50.6,27.7,33.6,15.9,16.4,-17.5699
Miami FL,1274.0,2026,121.429,101.989,0.881463,68.0921,56.2,51.3,37.6,25.8,16.5,18.4,3.30066
Georgia,1208.0,2026,125.645,105.616,0.880478,71.8976,55.0,50.0,35.2,35.2,14.3,18.4,3.18644
North Dakota,1315.0,2026,107.486,115.988,0.294125,67.3102,49.4,56.5,27.4,32.4,14.1,19.4,-11.2131
Princeton,1343.0,2026,105.718,112.616,0.325878,63.757,49.6,52.0,27.2,28.5,17.1,14.3,-14.6985
Saint Louis,1387.0,2026,120.65,102.602,0.865694,70.9752,60.1,44.7,31.7,26.7,17.2,16.4,2.27456
Arizona St.,1113.0,2026,116.757,103.312,0.803273,69.178,51.2,52.3,29.9,34.6,16.4,18.7,-1.32476
Purdue Fort Wayne,1236.0,2026,105.403,113.717,0.294611,67.6967,52.6,56.1,22.9,34.5,14.5,19.1,-9.18093
Iona,1233.0,2026,104.367,111.035,0.329107,69.1184,51.9,48.9,27.8,31.2,17.2,16.6,-10.2966
Stetson,1391.0,2026,105.704,118.328,0.214604,66.7377,53.1,55.2,26.6,31.8,18.1,15.1,-15.8113
Marshall,1267.0,2026,112.616,116.182,0.411304,69.3751,54.8,50.3,31.9,33.8,16.6,16.3,-8.39036
Eastern Michigan,1185.0,2026,102.145,108.137,0.341742,66.3944,49.6,50.3,27.8,29.1,17.4,15.6,-14.5418
Niagara,1310.0,2026,100.516,117.669,0.140416,62.1638,50.5,52.8,24.8,32.9,18.9,16.6,-18.2143
Campbell,1144.0,2026,111.185,112.912,0.455823,69.8109,50.1,53.9,33.5,32.0,17.6,17.0,-10.7693
Mercer,1273.0,2026,111.564,114.458,0.426894,68.9191,53.1,52.5,32.6,33.2,15.0,17.0,-8.3804
Lindenwood,1473.0,2026,100.89,109.072,0.289719,72.3707,48.0,49.1,33.2,31.8,18.7,18.4,-11.0498
St. Bonaventure,1382.0,2026,113.458,113.853,0.490009,67.0735,52.2,54.0,34.7,29.2,16.9,17.0,-9.51382
Oregon St.,1333.0,2026,109.814,109.736,0.502027,65.1713,50.5,50.3,26.8,32.1,17.7,15.3,-7.39373
Lipscomb,1252.0,2026,105.753,111.622,0.349523,69.4167,54.1,53.2,25.8,30.2,16.0,17.7,-7.68419
Kennesaw St.,1244.0,2026,110.51,110.382,0.503346,71.5155,50.5,49.1,35.4,30.2,16.8,15.9,-8.35655
James Madison,1241.0,2026,109.627,112.837,0.417802,65.9222,53.1,49.0,30.6,29.5,17.3,12.8,-10.2096
Georgetown,1207.0,2026,114.807,104.977,0.736789,66.4721,49.9,50.3,32.0,31.7,15.5,16.4,-5.49384
USC Upstate,1367.0,2026,99.6431,111.304,0.218795,67.5583,48.3,51.0,29.2,31.4,18.2,16.4,-14.115
Morgan St.,1288.0,2026,99.9621,121.831,0.0931979,70.5017,46.3,52.0,30.8,35.2,18.1,16.5,-12.0233
New Hampshire,1306.0,2026,96.4498,116.478,0.102494,67.3603,46.7,53.4,25.7,26.9,16.5,15.8,-16.279
Iowa St.,1235.0,2026,122.774,94.8535,0.951066,67.1574,56.3,49.8,35.4,28.3,15.1,22.4,6.36113
Alcorn St.,1108.0,2026,98.0879,117.015,0.116184,68.0369,47.9,55.6,27.2,35.8,19.6,18.3,-15.618
Purdue,1345.0,2026,131.606,101.527,0.951853,64.9502,57.9,52.3,35.9,26.0,13.8,15.9,6.54687
Drake,1179.0,2026,110.001,113.818,0.403153,67.0751,51.4,52.6,26.6,29.9,15.0,14.6,-13.4565
Marquette,1266.0,2026,112.145,101.702,0.75474,69.0064,50.5,50.3,29.6,35.1,16.2,19.5,-6.80636
Holy Cross,1221.0,2026,101.275,118.212,0.144506,65.4249,49.8,54.8,21.9,27.0,15.3,14.1,-18.0674
Houston,1222.0,2026,125.852,93.6785,0.967557,63.4002,52.3,46.9,36.0,31.0,12.7,21.4,7.84635
Hampton,1214.0,2026,101.271,112.935,0.222065,65.3997,45.7,52.0,32.9,30.0,17.0,17.2,-14.4858
Western Michigan,1444.0,2026,107.765,117.992,0.260626,67.7369,49.9,54.4,30.5,29.1,16.9,13.4,-15.2313
New Mexico St.,1308.0,2026,109.976,112.247,0.441506,66.5491,49.0,49.1,32.8,30.0,14.8,14.6,-10.6265
Ball St.,1123.0,2026,99.701,108.84,0.267249,63.5924,47.0,52.7,27.1,31.0,16.2,18.7,-14.5038
Milwaukee,1454.0,2026,106.393,115.516,0.279679,67.5877,49.9,55.5,33.0,29.2,15.2,15.8,-13.4503
Portland,1339.0,2026,106.84,108.743,0.449412,68.456,51.2,52.7,28.1,32.5,19.7,17.0,-10.3403
Albany,1107.0,2026,104.191,118.257,0.189026,65.2244,51.3,53.2,32.7,32.4,18.5,15.8,-17.198
Tarleton St.,1470.0,2026,103.943,107.705,0.39918,69.3028,48.4,53.5,31.6,35.6,20.1,23.5,-10.8662
San Francisco,1362.0,2026,113.79,109.831,0.600428,65.8467,51.2,50.8,31.3,29.0,15.8,14.1,-6.90068
Bucknell,1137.0,2026,99.5078,114.624,0.164331,67.0132,48.5,54.7,27.0,31.3,19.0,17.9,-18.0762
Connecticut,1163.0,2026,123.861,95.5361,0.951939,65.0117,55.6,45.6,34.9,28.6,16.5,18.3,8.47254
New Haven,1481.0,2026,96.7375,112.042,0.155897,63.3287,48.7,51.8,21.5,26.8,17.8,17.1,-13.0396
Southern Indiana,1475.0,2026,96.5606,114.788,0.120407,67.7172,43.7,49.4,31.4,33.8,17.2,16.4,-20.2331
Florida Gulf Coast,1195.0,2026,105.783,112.137,0.338306,67.5858,52.0,53.4,31.1,28.2,15.9,16.5,-13.2836
San Jose St.,1363.0,2026,112.136,117.476,0.36936,64.8018,49.3,57.4,29.6,36.1,15.3,17.5,-13.6439
Utah Valley,1430.0,2026,113.28,104.34,0.720179,68.9489,55.3,49.1,35.2,31.6,20.2,21.4,-1.95534
Missouri,1281.0,2026,120.375,103.584,0.849116,66.3008,55.5,51.4,35.5,31.6,17.8,16.7,1.51657
Cincinnati,1153.0,2026,113.583,94.8429,0.888305,67.7416,50.7,48.0,30.9,27.0,16.9,18.6,-1.63782
South Dakota St.,1355.0,2026,108.113,112.436,0.389149,66.9755,52.0,51.8,30.3,25.1,16.1,14.5,-12.5985
Boston University,1131.0,2026,112.832,119.27,0.345668,63.186,58.1,53.7,27.8,27.6,17.8,13.1,-12.6438
Air Force,1102.0,2026,97.2052,114.801,0.128606,66.128,49.6,56.6,21.4,31.1,21.8,15.0,-19.4766
Bradley,1133.0,2026,111.381,108.536,0.573866,67.5104,51.0,52.6,27.3,28.2,13.8,19.3,-5.83857
Troy,1407.0,2026,111.425,109.586,0.547702,65.0402,51.9,50.1,34.8,31.6,17.0,16.9,-6.02081
Gonzaga,1211.0,2026,120.17,94.2528,0.942332,69.2437,56.1,46.2,34.8,25.1,13.7,20.6,6.80673
South Florida,1378.0,2026,117.747,103.248,0.819229,71.4417,51.0,48.9,38.2,31.7,15.2,18.7,-0.638076
Stonehill,1476.0,2026,92.7789,108.735,0.138835,66.3604,46.9,47.8,27.5,27.1,19.4,13.4,-17.4481
Loyola MD,1259.0,2026,104.144,119.739,0.16733,68.1699,50.4,54.7,27.6,29.0,15.5,15.3,-16.6619
Belmont,1125.0,2026,120.732,109.578,0.753014,68.9608,61.0,49.9,28.8,29.2,18.1,17.4,-0.458268
Siena,1373.0,2026,108.14,110.288,0.443699,64.5692,50.8,48.9,31.5,29.5,15.8,17.3,-7.75176
Southern Utah,1381.0,2026,107.553,115.515,0.305489,70.286,51.0,53.9,28.9,33.2,20.3,14.9,-14.5516
N.C. State,1301.0,2026,123.314,104.117,0.875004,69.0134,55.1,52.5,28.6,30.5,13.2,18.3,0.307555
Pittsburgh,1338.0,2026,111.913,105.541,0.662421,63.7845,50.8,52.7,33.5,28.4,17.4,16.4,-7.05518
Furman,1202.0,2026,107.542,109.379,0.451445,65.8282,54.8,50.1,31.0,27.5,17.8,13.7,-8.57575
Massachusetts,1269.0,2026,110.634,111.251,0.484027,70.3335,53.3,52.3,32.7,26.5,17.9,16.9,-10.8106
Mount St. Mary's,1291.0,2026,99.676,108.618,0.271303,67.7893,50.6,47.2,32.3,29.1,22.4,15.3,-12.355
Bryant,1136.0,2026,97.2603,120.367,0.0793433,64.2002,46.9,52.7,27.7,31.0,20.2,14.6,-17.7967
Syracuse,1393.0,2026,115.957,105.189,0.754127,67.4058,52.6,50.1,29.2,33.1,15.9,17.6,-4.01961
Jacksonville St.,1240.0,2026,106.369,108.454,0.444404,65.0908,49.6,49.8,30.0,27.9,16.9,16.2,-11.8679
McNeese St.,1270.0,2026,113.805,103.839,0.741514,66.2694,51.1,49.0,35.0,35.9,14.2,24.7,0.37321
Quinnipiac,1346.0,2026,104.432,108.434,0.393541,70.0604,48.2,48.9,34.1,32.0,15.9,17.4,-8.49004
Rhode Island,1348.0,2026,104.823,103.381,0.539743,66.0176,50.0,50.7,31.0,31.6,19.1,21.6,-8.48304
Detroit Mercy,1178.0,2026,110.028,112.095,0.44669,68.85,49.9,52.5,33.4,30.7,16.0,14.4,-8.84853
Sam Houston St.,1358.0,2026,115.56,108.866,0.665124,70.1252,53.1,51.2,35.4,29.8,16.7,16.1,-4.52363
East Tennessee St.,1190.0,2026,108.559,110.381,0.4523,66.0038,55.3,51.0,28.3,27.9,15.2,18.5,-7.28716
Duquesne,1182.0,2026,111.033,107.397,0.594583,69.3106,52.7,52.4,30.1,29.6,17.9,18.2,-6.97084
Virginia Tech,1439.0,2026,117.9,103.271,0.821053,67.1743,52.4,50.6,31.2,32.8,14.9,17.4,-0.203676
North Carolina Central,1300.0,2026,100.389,123.374,0.0854226,66.3805,47.3,55.5,29.1,39.0,18.2,19.7,-12.1974
North Dakota St.,1295.0,2026,112.163,106.684,0.640116,66.3565,53.4,51.5,33.6,25.7,15.6,18.7,-3.24051
Northwestern St.,1322.0,2026,101.342,113.316,0.216821,64.7334,48.6,53.0,26.1,32.6,18.3,16.9,-16.105
Fairfield,1193.0,2026,106.089,113.579,0.313341,67.0547,48.8,51.0,35.8,29.1,15.3,16.8,-9.7835
Arkansas,1116.0,2026,128.381,102.414,0.93078,71.1101,56.7,51.5,32.2,31.7,12.3,16.1,5.838
Cal St. Bakersfield,,2026,102.076,117.86,0.160647,70.047,45.7,54.0,30.4,35.6,18.9,17.9,-18.0671
George Washington,1203.0,2026,117.907,107.943,0.734057,69.3531,54.9,52.2,36.4,28.8,18.0,18.0,-7.19846
UNC Asheville,1421.0,2026,104.512,111.816,0.315002,64.7909,51.0,51.3,29.8,31.3,17.4,15.5,-12.5239
Dayton,1173.0,2026,111.398,101.285,0.749226,67.1998,52.3,50.9,26.9,30.2,17.5,21.5,-1.60424
Stephen F. Austin,1372.0,2026,114.105,104.062,0.742605,65.8883,52.1,47.3,34.9,28.5,14.1,17.2,-0.314074
Arkansas St.,1117.0,2026,110.392,109.095,0.533947,72.094,51.7,50.3,38.2,27.0,19.8,14.9,-7.1714
Army,1119.0,2026,100.578,119.059,0.125657,67.1283,49.3,55.1,29.6,27.7,17.2,15.4,-17.2484
Oakland,1324.0,2026,114.243,115.401,0.471044,69.9443,52.7,54.7,31.3,34.4,14.7,15.1,-8.27023
Southeast Missouri St.,,2026,101.724,108.641,0.319389,68.9261,49.8,48.8,29.6,28.2,16.9,18.1,-9.18462
Binghamton,1127.0,2026,99.033,123.314,0.074348,65.4845,50.0,54.3,20.9,29.4,18.8,13.3,-20.3647
George Mason,1206.0,2026,112.08,106.891,0.633012,63.5798,53.3,49.5,31.1,28.5,15.9,15.8,-2.00023
Old Dominion,1330.0,2026,106.796,112.908,0.345257,68.8901,50.7,50.8,26.0,30.3,15.4,14.5,-15.2861
Green Bay,1453.0,2026,113.693,114.881,0.470168,62.94,54.9,53.6,25.1,29.6,16.0,13.2,-9.50056
UNC Greensboro,1422.0,2026,108.57,119.682,0.24589,67.6622,52.0,56.2,28.1,29.0,15.0,13.7,-15.0188
Little Rock,1114.0,2026,101.871,117.19,0.166448,66.4642,49.4,51.8,31.5,36.6,18.4,18.5,-16.2532
Austin Peay,1122.0,2026,109.198,108.642,0.514657,69.2157,53.0,52.2,29.7,28.9,15.4,17.9,-5.20405
Rutgers,1353.0,2026,111.839,107.527,0.611142,66.4267,47.4,53.1,30.1,33.3,15.0,17.0,-5.45852
Nicholls St.,1311.0,2026,105.356,112.48,0.320297,68.2188,50.6,54.4,28.1,33.7,17.4,20.5,-12.6588
Sacramento St.,1170.0,2026,106.059,114.689,0.289123,71.707,47.0,55.0,25.2,33.4,14.1,17.1,-14.6219
William & Mary,1456.0,2026,111.047,110.456,0.515348,72.6298,54.3,51.9,26.0,31.5,16.5,19.0,-6.98897
Colgate,1159.0,2026,108.077,115.157,0.325259,66.8221,53.3,52.2,26.6,29.3,14.6,15.3,-9.86818
USC,1425.0,2026,113.66,102.188,0.772698,70.6589,50.4,49.8,32.7,32.6,17.4,16.4,-0.281099
Merrimack,1467.0,2026,107.768,106.815,0.525504,63.4326,49.5,46.8,25.2,39.8,15.0,20.3,-5.26428
UNLV,1424.0,2026,116.456,110.396,0.648995,70.0995,53.5,52.9,30.9,31.1,16.6,17.6,-5.81228
Illinois St.,1229.0,2026,109.679,103.856,0.651892,66.8016,53.6,50.0,28.6,25.3,16.8,16.4,-5.65119
Manhattan,1264.0,2026,104.222,122.08,0.139581,67.9665,47.9,53.9,28.6,37.0,15.6,16.7,-16.1296
Utah,1428.0,2026,115.007,110.131,0.622039,66.347,52.4,54.0,29.4,31.6,16.9,13.4,-8.47656
Louisiana Tech,1256.0,2026,102.549,105.416,0.421371,64.1545,47.7,48.6,35.9,31.1,18.8,18.0,-8.61933
Youngstown St.,1464.0,2026,106.908,109.06,0.442947,67.2365,53.7,52.3,30.4,30.7,18.8,17.8,-12.5198
Jacksonville,1239.0,2026,103.974,114.225,0.253251,63.4954,50.0,54.8,31.7,29.1,17.2,15.0,-14.7437
Tennessee St.,1398.0,2026,108.564,112.472,0.399701,70.1106,50.1,51.2,34.9,29.9,16.5,20.0,-5.52861
Stanford,1390.0,2026,117.824,104.463,0.799662,67.1427,51.6,51.4,32.5,29.3,15.5,18.4,-0.0663233
Longwood,1255.0,2026,103.767,112.124,0.290957,68.4676,49.7,53.8,34.6,27.7,19.1,19.8,-12.6323
Sacred Heart,1357.0,2026,107.573,118.968,0.239054,68.3837,52.0,53.5,28.6,30.9,17.7,14.5,-15.0492
Western Kentucky,1443.0,2026,108.205,108.07,0.50358,69.7554,47.3,51.0,31.8,29.4,14.4,17.4,-7.62883
UT Arlington,1426.0,2026,102.202,103.528,0.462995,64.8986,47.6,47.4,34.8,30.2,21.1,17.9,-7.27892
Fordham,1200.0,2026,104.241,104.828,0.48386,64.2242,48.5,49.8,34.8,26.6,17.2,17.1,-8.6643
Alabama St.,1106.0,2026,100.154,112.206,0.213021,69.1857,47.1,52.2,31.9,31.5,18.3,18.7,-16.4863
Wichita St.,1455.0,2026,112.12,103.222,0.721299,66.3773,49.6,47.5,38.5,29.1,14.8,16.1,-3.44202
Texas Tech,1403.0,2026,127.45,99.5575,0.944818,66.4098,56.6,49.1,33.8,30.2,15.9,14.7,5.19146
Boise St.,1129.0,2026,119.013,103.899,0.826617,65.5049,52.6,52.5,33.0,23.6,16.9,14.8,-1.15776
